[
  {
    "value": "Adventure",
    "synonyms": [
      "adreline",
      "adventure",
      "dangerous",
      "escapade",
      "risky",
      "thrill seeking",
      "venture"
    ]
  },
  {
    "value": "Arts",
    "synonyms": [
      "Arts",
      "art exhibition",
      "art studio",
      "artScience museum",
      "paintings"
    ]
  },
  {
    "value": "Bars",
    "synonyms": [
      "Bars",
      "Pubs",
      "barroom",
      "beer joint",
      "cocktail lounge",
      "drinkery",
      "ginmill",
      "stop",
      "taproom"
    ]
  },
  {
    "value": "Bazaars \u0026 Flea Markets",
    "synonyms": [
      "Bazaars \u0026 Flea Markets",
      "market place",
      "mart",
      "wet market",
      "wet markets"
    ]
  },
  {
    "value": "Boutiques",
    "synonyms": [
      "Boutiques",
      "clothes",
      "design",
      "dress shop",
      "dress shop store",
      "fashion",
      "store"
    ]
  },
  {
    "value": "Cafe",
    "synonyms": [
      "cafe",
      "cafetaria",
      "casual dining",
      "coffee bar",
      "coffee house",
      "coffee shop",
      "snacks"
    ]
  },
  {
    "value": "Clubs",
    "synonyms": [
      "Clubs",
      "clubhouse",
      "clubs",
      "lodge",
      "night club",
      "nightclub",
      "nightspot",
      "social club",
      "society"
    ]
  },
  {
    "value": "Department Stores",
    "synonyms": [
      "Department Stores",
      "Departmental Store",
      "Grocery",
      "retail store",
      "store",
      "super market"
    ]
  },
  {
    "value": "Hawker Centres",
    "synonyms": [
      "Hawker",
      "Hawker Centres",
      "Local food"
    ]
  },
  {
    "value": "Hawker Centres",
    "synonyms": [
      "Hawker Centres",
      "eatery",
      "food court"
    ]
  },
  {
    "value": "History \u0026 Culture",
    "synonyms": [
      "Culture",
      "History",
      "History \u0026 Culture",
      "actual",
      "authentic",
      "british era",
      "congregation",
      "forts",
      "heritage",
      "historic places",
      "museum",
      "pre independence",
      "singapore culture",
      "singapore way of life",
      "tradition"
    ]
  },
  {
    "value": "Leisure \u0026 Recreation",
    "synonyms": [
      "Leisure \u0026 Recreation",
      "entertainment",
      "free time",
      "fun",
      "holiday",
      "leisure",
      "play",
      "recreation",
      "refreshment",
      "vacation"
    ]
  },
  {
    "value": "Malls",
    "synonyms": [
      "center",
      "mall",
      "plaza",
      "promenade",
      "shopping center",
      "shopping centre",
      "shopping mall"
    ]
  },
  {
    "value": "Nature \u0026 Wildlife",
    "synonyms": [
      "Nature \u0026 WildLife",
      "ambience",
      "aquarium",
      "birds",
      "ecosystem",
      "fauna",
      "floura",
      "forest",
      "gardens",
      "habitat",
      "hike",
      "lake",
      "nature",
      "safari",
      "trees",
      "trekking",
      "wildlife"
    ]
  },
  {
    "value": "Others",
    "synonyms": [
      "Others",
      "no specifics"
    ]
  },
  {
    "value": "Restaurants",
    "synonyms": [
      "Dining",
      "Lunch",
      "Restuarants",
      "cafetaria",
      "canteen",
      "dining room",
      "eatery",
      "eating house",
      "eating place",
      "fast food place",
      "fine Dining",
      "inn"
    ]
  }
]