[
  {
    "value": "Attractions",
    "synonyms": [
      "attraction",
      "explore",
      "explore around",
      "explore places",
      "go somewhere",
      "going out",
      "places to visit",
      "sight seeing",
      "sightseeing",
      "venture out"
    ]
  },
  {
    "value": "Bars \u0026 Clubs",
    "synonyms": [
      "Bars \u0026 Clubs",
      "bars",
      "beer joint",
      "clubs",
      "cocktail lounge",
      "drinkery",
      "ginmill",
      "night clubs",
      "socialize"
    ]
  },
  {
    "value": "Food \u0026 Beverages",
    "synonyms": [
      "Food \u0026 Beverages",
      "Restaurants",
      "beverages",
      "candle light",
      "coffee",
      "dinner",
      "drink",
      "eat",
      "eatable",
      "find food",
      "food",
      "lunch",
      "meal",
      "mess",
      "snack",
      "tea"
    ]
  },
  {
    "value": "Malls \u0026 Shops",
    "synonyms": [
      "Malls \u0026 Shops",
      "bazaar",
      "boutique",
      "brands",
      "buy",
      "buy at",
      "centre",
      "clothes",
      "departmental store",
      "mall",
      "malls",
      "plaza",
      "purchasing",
      "shopping",
      "shopping centre",
      "shopping mall",
      "shops",
      "spending",
      "store",
      "super market",
      "wet markets"
    ]
  }
]