[
  {
    "value": "American",
    "synonyms": [
      "American",
      "Burger",
      "Cheese Burger",
      "Fries",
      "steakhouse"
    ]
  },
  {
    "value": "Arab",
    "synonyms": [
      "Arab",
      "Dolma",
      "Falafel,Tabouleh",
      "Fattoush",
      "Foul meddamas",
      "Grill",
      "Grilled",
      "Hummus",
      "Lebanese",
      "Manakeesh",
      "Shawarma",
      "Umm ali",
      "halloumi",
      "pita bread"
    ]
  },
  {
    "value": "Asian",
    "synonyms": [
      "Asian",
      "Dumpling",
      "Dumplings",
      "Egg Rolls",
      "Fried Rice",
      "Spring roll",
      "Sushi"
    ]
  },
  {
    "value": "Asian Western",
    "synonyms": [
      "Asian Western"
    ]
  },
  {
    "value": "Asian vegetarian",
    "synonyms": [
      "Asian vegetarian"
    ]
  },
  {
    "value": "Australian",
    "synonyms": [
      "Australian",
      "Barramundi",
      "Chicken parmigiana",
      "Lamingtons",
      "MeatPiles",
      "Modern Australia meat \u0026 seafood grill",
      "Pavlova",
      "Vegemite",
      "sausages"
    ]
  },
  {
    "value": "Barbecue",
    "synonyms": [
      "Barbecue",
      "Beef Burger",
      "Kebabs",
      "Sausages",
      "Spare Ribs",
      "Steak"
    ]
  },
  {
    "value": "Beer",
    "synonyms": [
      "Beer"
    ]
  },
  {
    "value": "Beijing",
    "synonyms": [
      "Beijing",
      "Chicken dumpling",
      "Hotpot",
      "Jiaozi",
      "Jiaozi,Jing",
      "Jing Jiang Rousi",
      "Rost Duck"
    ]
  },
  {
    "value": "Brazilian",
    "synonyms": [
      "Brazilian",
      "Cassava chips",
      "Pastel de queijo",
      "Picanha",
      "chicken coxinha"
    ]
  },
  {
    "value": "British",
    "synonyms": [
      "British",
      "Mashed potato",
      "Modern British",
      "Shepherd’s pie",
      "Sunday Roast"
    ]
  },
  {
    "value": "Cajun",
    "synonyms": [
      "Cajun"
    ]
  },
  {
    "value": "Cambodian",
    "synonyms": [
      "Cambodian",
      "Glutinous rice",
      "Hu tieu",
      "Kampot",
      "Kroeung"
    ]
  },
  {
    "value": "Cantonese",
    "synonyms": [
      "Cantonese"
    ]
  },
  {
    "value": "Catalan",
    "synonyms": [
      "Caganer",
      "Castells",
      "Catalan",
      "Correfoc",
      "Falles",
      "Fogueres",
      "Fogueres de Sant Joan",
      "Gegants i capgrossos",
      "Moros i cristians",
      "Muixeranga"
    ]
  },
  {
    "value": "Chili Crab",
    "synonyms": [
      "Chili Crab"
    ]
  },
  {
    "value": "Chinese",
    "synonyms": [
      "Chinese",
      "Chow Mein",
      "Dumplings",
      "Kung Pao Chicken",
      "Ma Po Tofu",
      "Wontons"
    ]
  },
  {
    "value": "Chocolate Desserts",
    "synonyms": [
      "Chocolate Desserts",
      "Lava cakes",
      "cream pie",
      "tart",
      "truffles"
    ]
  },
  {
    "value": "Classic European",
    "synonyms": [
      "Cheese fondue",
      "Classic European",
      "Currywurst",
      "Goulash",
      "Palatschinken",
      "Pierogi",
      "Waffles",
      "Ćevapi"
    ]
  },
  {
    "value": "Cocktails",
    "synonyms": [
      "Cocktails"
    ]
  },
  {
    "value": "Confectionery",
    "synonyms": [
      "Ayam Buah Keluak Burger",
      "Buah Keluah Ice Cream",
      "Chilli Crab Past",
      "Confectionery",
      "Labyrinth Chilli Crab",
      "Orange Kaya Pisang Creme Brulee",
      "Pandan Infused Panna Cotta",
      "Satay Burger"
    ]
  },
  {
    "value": "Contemporary European Cuisine with Asian Inflections",
    "synonyms": [
      "Contemporary European Cuisine with Asian Inflections"
    ]
  },
  {
    "value": "Contemporary Italian",
    "synonyms": [
      "Contemporary Italian",
      "Pasta",
      "Pizza",
      "Spagetti"
    ]
  },
  {
    "value": "Contemporary Italian Cuisine",
    "synonyms": [
      "Contemporary Italian Cuisine"
    ]
  },
  {
    "value": "Continental",
    "synonyms": [
      "Apple Sausage",
      "Baked Potato",
      "Chicken and cheese Salad",
      "Continental",
      "Lamb Patties",
      "Paneer Steak",
      "Pasta salad",
      "Roesti"
    ]
  },
  {
    "value": "Creole",
    "synonyms": [
      "Creole"
    ]
  },
  {
    "value": "Cuban",
    "synonyms": [
      "Cuban",
      "Lechon asado",
      "Medianoche",
      "Pernil Relleno de Moros y Cristianos",
      "Tamales",
      "Vaca Frita"
    ]
  },
  {
    "value": "Czech",
    "synonyms": [
      "Beef on tomato soup",
      "Czech",
      "Moravian sparrow",
      "baked mincemeat",
      "garlic soup",
      "goulash"
    ]
  },
  {
    "value": "Desserts",
    "synonyms": [
      "Desserts",
      "ice-cream"
    ]
  },
  {
    "value": "Dim Sum",
    "synonyms": [
      "Dim Sum",
      "Dimsum"
    ]
  },
  {
    "value": "Dongbei",
    "synonyms": [
      "Dongbei"
    ]
  },
  {
    "value": "Drinks",
    "synonyms": [
      "Drinks"
    ]
  },
  {
    "value": "East meets West Mod-Chinese cuisine",
    "synonyms": [
      "East meets West Mod-Chinese cuisine"
    ]
  },
  {
    "value": "English",
    "synonyms": [
      "Bangers and Mash",
      "English",
      "Fish and chips",
      "Shepherd’s pie",
      "Steak and Kidney",
      "Sunday Roast"
    ]
  },
  {
    "value": "European",
    "synonyms": [
      "European",
      "Modern European",
      "Modern European Cuisine"
    ]
  },
  {
    "value": "European-Asian",
    "synonyms": [
      "European-Asian"
    ]
  },
  {
    "value": "Farm-To-Table Thai-inspired goodness",
    "synonyms": [
      "Farm-To-Table Thai-inspired goodness"
    ]
  },
  {
    "value": "Filipino",
    "synonyms": [
      "Arroz Caldo",
      "Bulalo",
      "Chicken inasal",
      "Crispy pata",
      "Filipino",
      "Fish tinola",
      "Pancit Palabok",
      "Taba ng talangka"
    ]
  },
  {
    "value": "Fine casual",
    "synonyms": [
      "Fine casual"
    ]
  },
  {
    "value": "Flaming chicken",
    "synonyms": [
      "Flaming chicken"
    ]
  },
  {
    "value": "Foochow",
    "synonyms": [
      "Crispy Fragrant Duck",
      "Fish Head with Bean Paste Sauce",
      "Foochow",
      "Fuzhou Red Wine Chicken",
      "Honey Pork Ribs",
      "Prawn Rolls"
    ]
  },
  {
    "value": "French",
    "synonyms": [
      "Beef bourguignon",
      "Chocolate soufflé",
      "Confit de canar",
      "French",
      "Modern French",
      "Nicoise salad"
    ]
  },
  {
    "value": "French-Japanese vegetarian",
    "synonyms": [
      "French-Japanese vegetarian"
    ]
  },
  {
    "value": "Fruits \u0026 Drinks",
    "synonyms": [
      "Fruits \u0026 Drinks"
    ]
  },
  {
    "value": "Fusion",
    "synonyms": [
      "California Croissant",
      "Fusion",
      "Kimchi Quesadilla",
      "Pad Thai Taco",
      "Sushi Pizza",
      "Vietnamese Sandwiches"
    ]
  },
  {
    "value": "German",
    "synonyms": [
      "Beef Roll",
      "Egg Noodles",
      "Fermented Cabbage",
      "German",
      "Grilled Sausage",
      "Pork Knuckle",
      "Potato Dumplings",
      "Potato Pancake",
      "Rinderroulade",
      "Roast Beef Stew",
      "Schweinshaxe"
    ]
  },
  {
    "value": "Gourmet pizzas and pastas",
    "synonyms": [
      "Gourmet pizzas and pastas",
      "pasta",
      "pizza"
    ]
  },
  {
    "value": "Greek",
    "synonyms": [
      "Courgette balls",
      "Dolmades",
      "Greek",
      "Grilled meat",
      "Moussaka",
      "Octopus"
    ]
  },
  {
    "value": "Hainanese",
    "synonyms": [
      "Hainanese",
      "Hainanese Curry Rice",
      "Hainanese Pork",
      "Kaya Toast",
      "Singapore Sling"
    ]
  },
  {
    "value": "Halal",
    "synonyms": [
      "Halal"
    ]
  },
  {
    "value": "Halal Asian",
    "synonyms": [
      "Halal Asian"
    ]
  },
  {
    "value": "Halal Dutch",
    "synonyms": [
      "Halal Dutch"
    ]
  },
  {
    "value": "Halal European-Asian",
    "synonyms": [
      "Halal European-Asian"
    ]
  },
  {
    "value": "Halal Indian",
    "synonyms": [
      "Halal Indian"
    ]
  },
  {
    "value": "Halal Italian",
    "synonyms": [
      "Halal Italian"
    ]
  },
  {
    "value": "Halal Mexican",
    "synonyms": [
      "Halal Mexican"
    ]
  },
  {
    "value": "Halal Swedish",
    "synonyms": [
      "Halal Swedish"
    ]
  },
  {
    "value": "Halal Western",
    "synonyms": [
      "Halal Western"
    ]
  },
  {
    "value": "Halal Western-Asian",
    "synonyms": [
      "Halal Western-Asian"
    ]
  },
  {
    "value": "Halal-Japanese",
    "synonyms": [
      "Halal-Japanese"
    ]
  },
  {
    "value": "Hokkien",
    "synonyms": [
      "Hokkien"
    ]
  },
  {
    "value": "Hong Kong",
    "synonyms": [
      "Brisket curry",
      "Char siu",
      "Hong Kong",
      "Roast chicken",
      "Roast goose",
      "Roast pork",
      "Soy sauce braised pigeon",
      "brisket noodles"
    ]
  },
  {
    "value": "Hunan",
    "synonyms": [
      "Hunan",
      "málà jīdīng",
      "smoked pork with dried long green beans"
    ]
  },
  {
    "value": "Indian",
    "synonyms": [
      "Briyani",
      "Chat",
      "Daal",
      "Dhal",
      "Indian",
      "Samosa",
      "Thosai"
    ]
  },
  {
    "value": "Indian Muslim",
    "synonyms": [
      "Indian Muslim"
    ]
  },
  {
    "value": "Indian Vegetarian",
    "synonyms": [
      "Indian Vegetarian"
    ]
  },
  {
    "value": "Indo-Chinese",
    "synonyms": [
      "Indo-Chinese"
    ]
  },
  {
    "value": "Indochinese",
    "synonyms": [
      "Indochinese"
    ]
  },
  {
    "value": "Indonesian",
    "synonyms": [
      "Indonesian"
    ]
  },
  {
    "value": "International",
    "synonyms": [
      "International"
    ]
  },
  {
    "value": "International buffet",
    "synonyms": [
      "International buffet",
      "buffet"
    ]
  },
  {
    "value": "Iranian",
    "synonyms": [
      "Iranian"
    ]
  },
  {
    "value": "Irish",
    "synonyms": [
      "Boxty",
      "Calcannon",
      "Coddle",
      "Irish"
    ]
  },
  {
    "value": "Italian",
    "synonyms": [
      "Italian"
    ]
  },
  {
    "value": "Italian vegetarian",
    "synonyms": [
      "Italian vegetarian"
    ]
  },
  {
    "value": "Japanese",
    "synonyms": [
      "Bento,Tonkatsu",
      "Japanese",
      "Jiaozi",
      "Oden",
      "Okonomiyaki",
      "Onigiri",
      "Sashimi",
      "Sushi",
      "Takoyaki",
      "Tempura",
      "Unagi",
      "mochi"
    ]
  },
  {
    "value": "Japanese vegetarian",
    "synonyms": [
      "Japanese vegan",
      "Japanese vegetarian",
      "japanese food which is vegetarian"
    ]
  },
  {
    "value": "Juices",
    "synonyms": [
      "Juices"
    ]
  },
  {
    "value": "Korean",
    "synonyms": [
      "Bibimbap",
      "Bulgogi",
      "Ddukbokki",
      "Hoeddeok",
      "Japchae",
      "Kimchi",
      "Korean",
      "Samgyeopsal",
      "Sundubu-jjigae"
    ]
  },
  {
    "value": "Latin American",
    "synonyms": [
      "Latin American",
      "arepas",
      "pupusas",
      "salsa",
      "tacos",
      "tamales",
      "tortillas"
    ]
  },
  {
    "value": "Lebanese",
    "synonyms": [
      "Fattoush",
      "Hummus",
      "Kanafeh",
      "Lebanese",
      "Manakish",
      "Rice Pilaf",
      "Tabbouleh"
    ]
  },
  {
    "value": "Local",
    "synonyms": [
      "Bak Kut Teh",
      "Curry Fish Head",
      "Dim Sum",
      "Fried Carrot Cake",
      "Kaya Toas",
      "Laksa",
      "Local",
      "Local Food",
      "Soft-Boiled Eggs",
      "Wanton Mee",
      "prata"
    ]
  },
  {
    "value": "Local \u0026 International Cuisines",
    "synonyms": [
      "International Cusines",
      "Local \u0026 International Cuisines"
    ]
  },
  {
    "value": "Local deserts",
    "synonyms": [
      "Local deserts"
    ]
  },
  {
    "value": "Malay",
    "synonyms": [
      "Apam balik",
      "Kuih",
      "Malay",
      "Malaysian",
      "Mie goreng",
      "Nasi Kerabu",
      "Nasi Lemak",
      "Rendang",
      "Roti john"
    ]
  },
  {
    "value": "Mediterranean",
    "synonyms": [
      "Mediterranean",
      "Mediterranean vegetarian",
      "Mediterranean-Californian"
    ]
  },
  {
    "value": "Mexican",
    "synonyms": [
      "Mexican",
      "burritos",
      "cone carne",
      "gaucomole",
      "quesadilas",
      "salsa",
      "tacos"
    ]
  },
  {
    "value": "Middle Eastern",
    "synonyms": [
      "Middle Eastern"
    ]
  },
  {
    "value": "Modern Asian",
    "synonyms": [
      "Modern Asian"
    ]
  },
  {
    "value": "Moroccan",
    "synonyms": [
      "Fish Chermoula",
      "Harira",
      "Khobz",
      "Makouda",
      "Moroccan",
      "Pastilla",
      "Zaalouk"
    ]
  },
  {
    "value": "Nepalese",
    "synonyms": [
      "Chhwela",
      "Dhikari",
      "Gwarcha",
      "Lapte Bhoye",
      "Nepalese",
      "Newa",
      "Thukpa"
    ]
  },
  {
    "value": "New Zealand",
    "synonyms": [
      "Bluff oysters",
      "New Zealand",
      "mussels",
      "paua",
      "pipis and tuatua",
      "scallops",
      "whitebait"
    ]
  },
  {
    "value": "Nonya / Peranakan",
    "synonyms": [
      "Nonya",
      "Nonya / Peranakan",
      "Peranakan"
    ]
  },
  {
    "value": "North Indian",
    "synonyms": [
      "North Indian"
    ]
  },
  {
    "value": "Nouvelle Japanese cuisine",
    "synonyms": [
      "Nouvelle Japanese cuisine"
    ]
  },
  {
    "value": "Peranakan",
    "synonyms": [
      "Peranakan"
    ]
  },
  {
    "value": "Provincial Chinese Cuisine",
    "synonyms": [
      "Provincial Chinese Cuisine"
    ]
  },
  {
    "value": "Russian-Asian",
    "synonyms": [
      "Russian",
      "Russian-Asian"
    ]
  },
  {
    "value": "Seafood",
    "synonyms": [
      "Seafood"
    ]
  },
  {
    "value": "Shanghainese",
    "synonyms": [
      "Braised Pork",
      "Peking Duck",
      "Shanghai Snacks",
      "Shanghainese"
    ]
  },
  {
    "value": "Sichuan",
    "synonyms": [
      "Sichuan"
    ]
  },
  {
    "value": "Singaporean",
    "synonyms": [
      "Fried Carrot Cake",
      "Kaya Toast",
      "Singaporean",
      "Soft-Boiled Eggs",
      "Wanton Mee"
    ]
  },
  {
    "value": "Spanish",
    "synonyms": [
      "Croquettes",
      "Espanola",
      "Gazpacho",
      "Paella",
      "Pisto",
      "Pulpo",
      "Spanish",
      "Tortilla",
      "chorizo",
      "jamon",
      "salchichón",
      "salmorejo"
    ]
  },
  {
    "value": "Suckling Pig",
    "synonyms": [
      "Suckling Pig"
    ]
  },
  {
    "value": "Swiss",
    "synonyms": [
      "Berner Plattle",
      "Birnbrot",
      "Capuns",
      "Carac",
      "Meringue",
      "Musli",
      "Pizzoccheri",
      "Rosti",
      "Spatzle",
      "Swiss",
      "Tirggel",
      "Wahe"
    ]
  },
  {
    "value": "Taiwanase",
    "synonyms": [
      "Braised pork",
      "Dan bing",
      "Gua bao",
      "Oyster",
      "Oyster omelet",
      "Pineapple cakes",
      "Taiwanase"
    ]
  },
  {
    "value": "Tapas",
    "synonyms": [
      "Ham cheese",
      "Spanish omelette",
      "Tapas",
      "bravas",
      "croquette",
      "olive",
      "squid"
    ]
  },
  {
    "value": "Teochew",
    "synonyms": [
      "Teochew",
      "fish soup",
      "kway"
    ]
  },
  {
    "value": "Thai",
    "synonyms": [
      "Gaeng Daeng",
      "Gaeng Keow",
      "Khao Pad",
      "Krapow Moo",
      "Pad",
      "Pad Thai",
      "Saap",
      "Som Tum,",
      "Thai",
      "Tom Kha Kai",
      "Tom Yum Goong",
      "Wan Kai"
    ]
  },
  {
    "value": "Turkish",
    "synonyms": [
      "Baklava",
      "Lahmacun",
      "Lokum",
      "Menemen",
      "Turkish"
    ]
  },
  {
    "value": "Various",
    "synonyms": [
      "Various"
    ]
  },
  {
    "value": "Vegan",
    "synonyms": [
      "Vegan"
    ]
  },
  {
    "value": "Vegetarian",
    "synonyms": [
      "Vegetarian"
    ]
  },
  {
    "value": "Vietnamese",
    "synonyms": [
      "Beef Vermicelli Soup",
      "Broken Rice",
      "Miniature Fried Pancakes",
      "Sizzling Pancake",
      "Spring Rolls",
      "Steamed Rice Cake",
      "Vietnamese",
      "Vietnamese Sandwich"
    ]
  },
  {
    "value": "Weekend BBQ Buffet",
    "synonyms": [
      "Weekend BBQ Buffet"
    ]
  },
  {
    "value": "Western",
    "synonyms": [
      "Western"
    ]
  },
  {
    "value": "Western Food",
    "synonyms": [
      "Western",
      "Western Food",
      "Western and Asian",
      "Western cuisine",
      "Western vegetarian",
      "Western-Asian",
      "Western-Indian vegetarian",
      "Western-Local"
    ]
  },
  {
    "value": "Wine",
    "synonyms": [
      "Wine"
    ]
  },
  {
    "value": "Yunnan",
    "synonyms": [
      "Da Jiu Jia",
      "Qi Guo Ji",
      "Shao Er Kuai",
      "Yunnan"
    ]
  },
  {
    "value": "Zi Char",
    "synonyms": [
      "Zi Char",
      "zhu chao"
    ]
  }
]