[
  {
    "value": "Ang Mo Kio",
    "synonyms": [
      "Ang Mo Kio",
      "Ang Mo Kio Town Centre",
      "Cheng San",
      "Chong Boon",
      "Kebun Bahru",
      "Sembawang Hills",
      "Shangri-La",
      "Tagore",
      "Townsville",
      "Yio Chu Kang",
      "Yio Chu Kang East",
      "Yio Chu Kang North",
      "Yio Chu Kang West"
    ]
  },
  {
    "value": "Bedok",
    "synonyms": [
      "Bayshore",
      "Bedok",
      "Bedok North",
      "Bedok Reservoir",
      "Bedok South",
      "Frankel",
      "Kaki Bukit",
      "Kembangan",
      "Siglap"
    ]
  },
  {
    "value": "Bishan",
    "synonyms": [
      "Bishan",
      "Bishan East",
      "Marymount",
      "Upper Thomson"
    ]
  },
  {
    "value": "Boon Lay",
    "synonyms": [
      "Boon Lay",
      "Boon Lay Place",
      "Chin Bee",
      "Hong Kah",
      "Jurong West",
      "Jurong West Central",
      "Kian Teck",
      "Liu Fang",
      "Safti",
      "Samulun",
      "Shipyard",
      "Taman Jurong",
      "Tukang",
      "Wenya",
      "Yunnan"
    ]
  },
  {
    "value": "Bukit Batok",
    "synonyms": [
      "Bangkit",
      "Brickworks",
      "Bukit Batok",
      "Bukit Batok Central",
      "Bukit Batok East",
      "Bukit Batok West",
      "Dairy Farm",
      "Fajar",
      "Gombak",
      "Guilin",
      "Hillview",
      "Hong Kah North",
      "Jelebu",
      "Nature Reserve",
      "Saujana",
      "Senja"
    ]
  },
  {
    "value": "Bukit Merah",
    "synonyms": [
      "Alexandra Hill",
      "Alexandra North",
      "Bukit Ho Swee",
      "Bukit Merah",
      "Depot Road",
      "Everton Park",
      "HarbourFront",
      "Henderson Hill",
      "Kempong Tiong Bahru",
      "Redhill",
      "Singapore General Hospital",
      "Tanjong Pagar",
      "Telok Blangah Drive",
      "Telok Blangah Way",
      "Tiong Bahru",
      "Tiong Bahru Station"
    ]
  },
  {
    "value": "Bukit Timah",
    "synonyms": [
      "Anak Bukit",
      "Bukit Timah",
      "Coronation Road",
      "Farrer Court",
      "Hillcrest",
      "Holland Road",
      "Leedon Park",
      "Swiss Club",
      "Ulu Pandan"
    ]
  },
  {
    "value": "Central Water Catchment",
    "synonyms": [
      "Central Water Catchment"
    ]
  },
  {
    "value": "Changi Airport",
    "synonyms": [
      "Changi",
      "Changi Airport",
      "Changi Bay",
      "Changi Point",
      "Changi West"
    ]
  },
  {
    "value": "China Square",
    "synonyms": [
      "China Square",
      "Chinatown",
      "Pearl\u0027s Hill",
      "People\u0027s Park"
    ]
  },
  {
    "value": "Choa Chu Kang",
    "synonyms": [
      "Choa Chu Kang",
      "Choa Chu Kang Central",
      "Choa Chu Kang North",
      "Keat Hong",
      "Peng Siang",
      "Teck Whye",
      "Yew Tee"
    ]
  },
  {
    "value": "Clementi",
    "synonyms": [
      "Clementi",
      "Clementi Central",
      "Clementi North",
      "Clementi West",
      "Clementi Woods",
      "Faber",
      "Pandan",
      "Sunset Way",
      "Toh Tuck",
      "West Coast"
    ]
  },
  {
    "value": "Dhoby Ghaut",
    "synonyms": [
      "Bras Basah",
      "Dhoby Ghaut",
      "Fort Canning"
    ]
  },
  {
    "value": "East Coast",
    "synonyms": [
      "East Coast",
      "Katong",
      "Marine Parade",
      "Mountbatten"
    ]
  },
  {
    "value": "Geylang",
    "synonyms": [
      "Aljunied",
      "Geylang",
      "Geylang East",
      "Kallang Way",
      "Kampong Ubi",
      "MacPherson"
    ]
  },
  {
    "value": "Ghim Moh",
    "synonyms": [
      "Commonwealth",
      "Dover",
      "Ghim Moh",
      "Holland Drive",
      "Kent Ridge",
      "Margaret Drive",
      "Mei Chin",
      "National University of Singapore",
      "Pasir Panjang",
      "Port",
      "Queenstown",
      "Queenway",
      "Singapore Polytechnic",
      "Tanglin Halt",
      "one-north"
    ]
  },
  {
    "value": "Hougang",
    "synonyms": [
      "Defu Industrial Park",
      "Hougang",
      "Hougang Central",
      "Hougang East",
      "Hougang West",
      "Kangkar",
      "Kovan",
      "Lorong Ah Soo",
      "Sungei Serangoon",
      "Trafalgar"
    ]
  },
  {
    "value": "Istana Negara",
    "synonyms": [
      "Cairnhill",
      "Goodwood Park",
      "Istana Negara",
      "Monk\u0027s Hill",
      "Newton",
      "Newton Circus",
      "Orange Grove"
    ]
  },
  {
    "value": "Joo Koon",
    "synonyms": [
      "Benoi Sector",
      "Gul Basin",
      "Joo Koon",
      "Pioneer"
    ]
  },
  {
    "value": "Jurong East",
    "synonyms": [
      "International Business Park",
      "Jurong East",
      "Jurong Gateway",
      "Jurong Port",
      "Jurong River",
      "Lakeside",
      "Penjuru Crescent",
      "Teban Gardens",
      "Toh Guan",
      "Yuhua East",
      "Yuhua West"
    ]
  },
  {
    "value": "Jurong Island",
    "synonyms": [
      "Jurong Island",
      "Semakau",
      "Sudong"
    ]
  },
  {
    "value": "Kallang",
    "synonyms": [
      "Bendemeer",
      "Boon Keng",
      "Crawford",
      "Geylang Bahru",
      "Kallang",
      "Kallang Bahru",
      "Kampong Bugis",
      "Kampong Java",
      "Lavender",
      "Tanjong Rhu"
    ]
  },
  {
    "value": "Leonie Hill",
    "synonyms": [
      "Institution Hill",
      "Leonie Hill",
      "One Tree Hill",
      "Oxley",
      "Paterson",
      "River Valley"
    ]
  },
  {
    "value": "Lim Chu Kang",
    "synonyms": [
      "Lim Chu Kang"
    ]
  },
  {
    "value": "Marina East",
    "synonyms": [
      "Marina East"
    ]
  },
  {
    "value": "Marina South",
    "synonyms": [
      "Marina South"
    ]
  },
  {
    "value": "Novena",
    "synonyms": [
      "Balestier",
      "Dunearn",
      "Malcolm",
      "Moulmeim",
      "Mount Pleasant",
      "Novena"
    ]
  },
  {
    "value": "Orchard",
    "synonyms": [
      "Orchard"
    ]
  },
  {
    "value": "Pasir Ris",
    "synonyms": [
      "Flora Drive",
      "Loyang East",
      "Loyang West",
      "Pasir Ris",
      "Pasir Ris Central",
      "Pasir Ris Drive",
      "Pasir Ris Park",
      "Pasir Ris Wafer Fab Park",
      "Pasir Ris West"
    ]
  },
  {
    "value": "Paya Lebar",
    "synonyms": [
      "Airport Road",
      "PLAB",
      "Paya Lebar",
      "Paya Lebar East",
      "Paya Lebar North",
      "Paya Lebar West"
    ]
  },
  {
    "value": "Pulau Seletar",
    "synonyms": [
      "Pulau Seletar",
      "Simpang",
      "Simpang North",
      "Simpang South",
      "Tanjong Irau"
    ]
  },
  {
    "value": "Punggol",
    "synonyms": [
      "Coney Island",
      "Matilda",
      "Northshore",
      "Punggol",
      "Punggol Canal",
      "Punggol Field",
      "Punggol Town Centre",
      "Waterway East"
    ]
  },
  {
    "value": "Raffles Place",
    "synonyms": [
      "Anson",
      "Bayfron",
      "Bugis",
      "Cecil",
      "Central",
      "City Hall",
      "Clifford Pier",
      "Marina Center",
      "Maxwell Philip",
      "Raffles Place",
      "Tanjong Pagar"
    ]
  },
  {
    "value": "Rochor",
    "synonyms": [
      "Bencoolen",
      "Farrer Park",
      "Kampong Glam",
      "Little India",
      "Mackenzie",
      "Mount Emily",
      "Rochor",
      "Rochor Canal",
      "Selegie",
      "Sungei Road",
      "Victoria"
    ]
  },
  {
    "value": "Seletar",
    "synonyms": [
      "Pulau Punggol Barat",
      "Pulau Punggol Timor",
      "Seletar",
      "Seletar Aerospace Park"
    ]
  },
  {
    "value": "Sembawang",
    "synonyms": [
      "Admiralty",
      "Sembawang",
      "Sembawang Central",
      "Sembawang East",
      "Sembawang North",
      "Sembawang Spring",
      "Sembawang Straits",
      "Senoko North",
      "Senoko South",
      "The Wharves"
    ]
  },
  {
    "value": "Sengkang",
    "synonyms": [
      "Buangkok",
      "Jalan Kayu East",
      "Sengkang",
      "Sengkang Town Centre",
      "Sengkang West",
      "Sungei Serangoon East",
      "Sungei Serangoon West",
      "Trafalgar"
    ]
  },
  {
    "value": "Senoko West",
    "synonyms": [
      "Greenwood Park",
      "Midview",
      "North Coast",
      "Senoko West",
      "Woodgrove",
      "Woodlands East",
      "Woodlands Regional Centre",
      "Woodlands South",
      "Woodlands West"
    ]
  },
  {
    "value": "Serangoon",
    "synonyms": [
      "Lorong Chuan",
      "Seletar Hills",
      "Serangoon",
      "Serangoon Central",
      "Serangoon Garden",
      "Serangoon North",
      "Upper Paya Lebar"
    ]
  },
  {
    "value": "Singapore River",
    "synonyms": [
      "Boat Quay",
      "Clarke Quay",
      "Robertson Quay",
      "Singapore River"
    ]
  },
  {
    "value": "Southern Islands",
    "synonyms": [
      "Southern Islands"
    ]
  },
  {
    "value": "Straits View",
    "synonyms": [
      "Straits View"
    ]
  },
  {
    "value": "Sungei Kadut",
    "synonyms": [
      "Gali Batu",
      "Kranji",
      "Pang Sua",
      "Reservoir View",
      "Sungei Kadut",
      "Turf Club"
    ]
  },
  {
    "value": "Tampines",
    "synonyms": [
      "Simei",
      "Tampines",
      "Tampines East",
      "Tampines North",
      "Tampines West",
      "Xilin"
    ]
  },
  {
    "value": "Toa Payoh",
    "synonyms": [
      "Bidadari",
      "Boon Teck",
      "Braddell",
      "Joo Seng",
      "Kim Keat",
      "Pei Chun",
      "Potong Pasir",
      "Sennett",
      "Toa Payoh",
      "Toa Payoh Central",
      "Toa Payoh West",
      "Woodleigh"
    ]
  },
  {
    "value": "Tuas",
    "synonyms": [
      "Tengeh",
      "Tuas",
      "Tuas Bay",
      "Tuas North",
      "Tuas Promenade",
      "Tuas View",
      "Tuas View Extension"
    ]
  },
  {
    "value": "Tyersall",
    "synonyms": [
      "Chatsworth",
      "Nassim",
      "Ridout",
      "Tyersall"
    ]
  },
  {
    "value": "Yishun",
    "synonyms": [
      "Khatib",
      "Lower Seletar",
      "Nee Soon",
      "Northland",
      "Springleaf",
      "Yishun",
      "Yishun Central",
      "Yishun East",
      "Yishun South",
      "Yishun West"
    ]
  }
]