[
  {
    "value": "0",
    "synonyms": [
      "0",
      "ZERO",
      "Zero",
      "do not have",
      "no",
      "no adult",
      "no children",
      "none",
      "zero"
    ]
  },
  {
    "value": "1",
    "synonyms": [
      "1",
      "ONE",
      "One",
      "one",
      "only",
      "only child"
    ]
  },
  {
    "value": "10",
    "synonyms": [
      "10",
      "TEN",
      "Ten",
      "ten"
    ]
  },
  {
    "value": "2",
    "synonyms": [
      "2",
      "TWO",
      "couple",
      "double",
      "two"
    ]
  },
  {
    "value": "3",
    "synonyms": [
      "3",
      "THREE",
      "Three",
      "crowd",
      "family of three",
      "three",
      "two and one"
    ]
  },
  {
    "value": "4",
    "synonyms": [
      "4",
      "FOUR",
      "family of four",
      "four"
    ]
  },
  {
    "value": "5",
    "synonyms": [
      "5",
      "FIVE",
      "Five",
      "five"
    ]
  },
  {
    "value": "6",
    "synonyms": [
      "6",
      "SIX",
      "Six",
      "six"
    ]
  },
  {
    "value": "7",
    "synonyms": [
      "7",
      "SEVEN",
      "seven"
    ]
  },
  {
    "value": "8",
    "synonyms": [
      "8",
      "EIGHT",
      "Eight",
      "eight"
    ]
  },
  {
    "value": "9",
    "synonyms": [
      "9",
      "NINE",
      "Nine",
      "nine"
    ]
  }
]