[
  {
    "id": "6da4df5d-14a9-4f84-8d0f-f205f67172ea",
    "data": [
      {
        "text": "Please close the app",
        "userDefined": false
      }
    ],
    "isTemplate": false,
    "count": 0,
    "updated": 0
  },
  {
    "id": "40de1036-34b9-4461-98e1-253d85126b8b",
    "data": [
      {
        "text": "I will talk to you later",
        "userDefined": false
      }
    ],
    "isTemplate": false,
    "count": 0,
    "updated": 0
  },
  {
    "id": "c4f86632-89af-4c3e-85f6-1c28241fc779",
    "data": [
      {
        "text": "Sorry I can\u0027t talk to you now",
        "userDefined": false
      }
    ],
    "isTemplate": false,
    "count": 0,
    "updated": 0
  },
  {
    "id": "325e4cde-10ae-4043-8142-a22d003b2230",
    "data": [
      {
        "text": "I will ",
        "userDefined": false
      },
      {
        "text": "get",
        "meta": "@sys.ignore",
        "userDefined": false
      },
      {
        "text": " back to you sometime later",
        "userDefined": false
      }
    ],
    "isTemplate": false,
    "count": 0,
    "updated": 0
  },
  {
    "id": "b3a9c06b-75c0-43bb-ad77-0e07cf33fb2b",
    "data": [
      {
        "text": "Can i ",
        "userDefined": false
      },
      {
        "text": "chat",
        "meta": "@sys.ignore",
        "userDefined": false
      },
      {
        "text": " with you later",
        "userDefined": false
      }
    ],
    "isTemplate": false,
    "count": 0,
    "updated": 0
  },
  {
    "id": "c5117b8a-cc61-4b0d-8cb6-d821e2c63c80",
    "data": [
      {
        "text": "cancel",
        "userDefined": false
      }
    ],
    "isTemplate": false,
    "count": 0,
    "updated": 0
  },
  {
    "id": "598e5e0c-e830-4416-a638-a3fba9bf7b16",
    "data": [
      {
        "text": "can we talk later",
        "userDefined": false
      }
    ],
    "isTemplate": false,
    "count": 0,
    "updated": 0
  },
  {
    "id": "1a97360d-3377-4595-a89b-fe17e8c6d062",
    "data": [
      {
        "text": "close",
        "userDefined": false
      }
    ],
    "isTemplate": false,
    "count": 0,
    "updated": 0
  },
  {
    "id": "0b4c1873-350c-45f5-aa20-48360b2b325e",
    "data": [
      {
        "text": "I do not want it",
        "userDefined": false
      }
    ],
    "isTemplate": false,
    "count": 0,
    "updated": 0
  },
  {
    "id": "5852d35b-60c9-4d13-8451-dacf51b11ae4",
    "data": [
      {
        "text": "bye",
        "userDefined": false
      }
    ],
    "isTemplate": false,
    "count": 1,
    "updated": 0
  }
]