[
  {
    "id": "a1ac09e2-caf7-4349-8167-48f3414f8fc5",
    "data": [
      {
        "text": "Which ",
        "userDefined": false
      },
      {
        "text": "malls",
        "alias": "attraction_type",
        "meta": "@attraction_type",
        "userDefined": false
      },
      {
        "text": " are around?",
        "userDefined": false
      }
    ],
    "isTemplate": false,
    "count": 0,
    "updated": 0
  },
  {
    "id": "aeda354f-2314-411c-934f-238209480146",
    "data": [
      {
        "text": "I am looking for some ",
        "userDefined": false
      },
      {
        "text": "nature",
        "alias": "attraction_type",
        "meta": "@attraction_type",
        "userDefined": false
      }
    ],
    "isTemplate": false,
    "count": 0,
    "updated": 0
  },
  {
    "id": "122bf6ad-211b-4e52-abef-1926e83070bb",
    "data": [
      {
        "text": "I am looking for some ",
        "userDefined": false
      },
      {
        "text": "adventure",
        "alias": "attraction_type",
        "meta": "@attraction_type",
        "userDefined": false
      }
    ],
    "isTemplate": false,
    "count": 0,
    "updated": 0
  },
  {
    "id": "898349cb-adea-4c93-8641-d52d0f77dd0d",
    "data": [
      {
        "text": "Where can I go ",
        "userDefined": false
      },
      {
        "text": "hiking",
        "alias": "attraction_type",
        "meta": "@attraction_type",
        "userDefined": false
      },
      {
        "text": " around?",
        "userDefined": false
      }
    ],
    "isTemplate": false,
    "count": 0,
    "updated": 0
  },
  {
    "id": "0f75ba4e-b5ec-4684-8abb-59f300d5d503",
    "data": [
      {
        "text": "others",
        "alias": "attraction_type",
        "meta": "@attraction_type",
        "userDefined": false
      }
    ],
    "isTemplate": false,
    "count": 0,
    "updated": 0
  },
  {
    "id": "48811769-8333-4f91-9bf1-76d802b13e26",
    "data": [
      {
        "text": "hawker centre",
        "alias": "attraction_type",
        "meta": "@attraction_type",
        "userDefined": false
      }
    ],
    "isTemplate": false,
    "count": 0,
    "updated": 0
  },
  {
    "id": "9ccdc6e1-db20-4089-a7d3-f555b558519c",
    "data": [
      {
        "text": "restaurant",
        "alias": "attraction_type",
        "meta": "@attraction_type",
        "userDefined": false
      }
    ],
    "isTemplate": false,
    "count": 0,
    "updated": 0
  },
  {
    "id": "2a5e04b4-e111-4030-b05b-b41b6d3b391b",
    "data": [
      {
        "text": "club",
        "alias": "attraction_type",
        "meta": "@attraction_type",
        "userDefined": false
      }
    ],
    "isTemplate": false,
    "count": 0,
    "updated": 0
  },
  {
    "id": "8b0c1e5c-1c98-4081-8e53-eef0485d5ec5",
    "data": [
      {
        "text": "clubs",
        "alias": "attraction_type",
        "meta": "@attraction_type",
        "userDefined": false
      }
    ],
    "isTemplate": false,
    "count": 0,
    "updated": 0
  },
  {
    "id": "6e6c5e33-afd9-47f1-a8e0-9f6449376cbf",
    "data": [
      {
        "text": "cafe",
        "alias": "attraction_type",
        "meta": "@attraction_type",
        "userDefined": false
      }
    ],
    "isTemplate": false,
    "count": 0,
    "updated": 0
  },
  {
    "id": "23a9e65b-b456-4227-a270-a4720fa8b65c",
    "data": [
      {
        "text": "Restaurants",
        "alias": "attraction_type",
        "meta": "@attraction_type",
        "userDefined": false
      }
    ],
    "isTemplate": false,
    "count": 0,
    "updated": 0
  },
  {
    "id": "4c583ca7-30ca-4adf-959c-4f0e9becbd53",
    "data": [
      {
        "text": "Malls",
        "alias": "attraction_type",
        "meta": "@attraction_type",
        "userDefined": false
      }
    ],
    "isTemplate": false,
    "count": 0,
    "updated": 0
  },
  {
    "id": "6dc97fb5-42fe-44cb-8ef4-e5bedf0e060c",
    "data": [
      {
        "text": "I want to go out for a ",
        "userDefined": false
      },
      {
        "text": "safari",
        "alias": "attraction_type",
        "meta": "@attraction_type",
        "userDefined": false
      }
    ],
    "isTemplate": false,
    "count": 0,
    "updated": 0
  },
  {
    "id": "fea09a7e-1e6c-4944-9d09-989a921a3852",
    "data": [
      {
        "text": "I want to ",
        "userDefined": false
      },
      {
        "text": "see",
        "meta": "@sys.ignore",
        "userDefined": false
      },
      {
        "text": " ",
        "userDefined": false
      },
      {
        "text": "ecosystem",
        "alias": "attraction_type",
        "meta": "@attraction_type",
        "userDefined": false
      },
      {
        "text": " around",
        "userDefined": false
      }
    ],
    "isTemplate": false,
    "count": 0,
    "updated": 0
  },
  {
    "id": "e6ff0ee9-b4c1-4303-b126-f7473d7fc6b5",
    "data": [
      {
        "text": "I wan to ",
        "userDefined": false
      },
      {
        "text": "venture",
        "meta": "@sys.ignore",
        "userDefined": false
      },
      {
        "text": " out in ",
        "userDefined": false
      },
      {
        "text": "nature",
        "alias": "attraction_type",
        "meta": "@attraction_type",
        "userDefined": false
      }
    ],
    "isTemplate": false,
    "count": 0,
    "updated": 0
  },
  {
    "id": "5f30810f-e8f4-43c6-a856-2db92b09bea5",
    "data": [
      {
        "text": "I am up for ",
        "userDefined": false
      },
      {
        "text": "thrill seeking",
        "alias": "attraction_type",
        "meta": "@attraction_type",
        "userDefined": true
      }
    ],
    "isTemplate": false,
    "count": 0,
    "updated": 0
  },
  {
    "id": "7f7140d5-59fe-4e73-860c-b7b0b823fb69",
    "data": [
      {
        "text": "I am interested in ",
        "userDefined": false
      },
      {
        "text": "Singapore",
        "meta": "@sys.ignore",
        "userDefined": false
      },
      {
        "text": " ",
        "userDefined": false
      },
      {
        "text": "Culture",
        "alias": "attraction_type",
        "meta": "@attraction_type",
        "userDefined": false
      }
    ],
    "isTemplate": false,
    "count": 0,
    "updated": 0
  },
  {
    "id": "1ddb0eed-e1e8-4b64-8b5a-90e4b61681f9",
    "data": [
      {
        "text": "I am looking for good ",
        "userDefined": false
      },
      {
        "text": "leisure",
        "alias": "attraction_type",
        "meta": "@attraction_type",
        "userDefined": true
      },
      {
        "text": " time",
        "userDefined": false
      }
    ],
    "isTemplate": false,
    "count": 1,
    "updated": 0
  },
  {
    "id": "dcd8cd32-f72c-4a45-b6b1-b3a487dee178",
    "data": [
      {
        "text": "adventure",
        "alias": "attraction_type",
        "meta": "@attraction_type",
        "userDefined": true
      }
    ],
    "isTemplate": false,
    "count": 0,
    "updated": 0
  },
  {
    "id": "e4363a0d-b1e2-4018-8267-fdb16ffaa8b5",
    "data": [
      {
        "text": "arts",
        "alias": "attraction_type",
        "meta": "@attraction_type",
        "userDefined": false
      }
    ],
    "isTemplate": false,
    "count": 0,
    "updated": 0
  }
]