[
  {
    "id": "249ae4c6-fc16-4d18-a2d2-74bec178b44d",
    "data": [
      {
        "text": "What ",
        "userDefined": false
      },
      {
        "text": "shops",
        "alias": "categoryDescription",
        "meta": "@categoryDescription",
        "userDefined": false
      },
      {
        "text": " are near me?",
        "userDefined": false
      }
    ],
    "isTemplate": false,
    "count": 0,
    "updated": 0
  },
  {
    "id": "492f6999-71f8-4a9e-820e-aeda5f6a0281",
    "data": [
      {
        "text": "List some good ",
        "userDefined": false
      },
      {
        "text": "bars",
        "alias": "categoryDescription",
        "meta": "@categoryDescription",
        "userDefined": false
      }
    ],
    "isTemplate": false,
    "count": 0,
    "updated": 0
  },
  {
    "id": "4e142a38-1d24-4258-b04e-40f6bab0e57b",
    "data": [
      {
        "text": "List some of the good ",
        "userDefined": false
      },
      {
        "text": "restaurants",
        "alias": "categoryDescription",
        "meta": "@categoryDescription",
        "userDefined": true
      },
      {
        "text": " near me",
        "userDefined": false
      }
    ],
    "isTemplate": false,
    "count": 0,
    "updated": 0
  },
  {
    "id": "1fe21c92-d279-4eef-a04d-13f59d3ceed0",
    "data": [
      {
        "text": "Where can I go out to ",
        "userDefined": false
      },
      {
        "text": "eat",
        "alias": "categoryDescription",
        "meta": "@categoryDescription",
        "userDefined": false
      },
      {
        "text": "?",
        "userDefined": false
      }
    ],
    "isTemplate": false,
    "count": 0,
    "updated": 0
  },
  {
    "id": "7dcf578e-706e-486b-864e-72d1a1e66035",
    "data": [
      {
        "text": "Where can I go ",
        "userDefined": false
      },
      {
        "text": "shopping",
        "alias": "categoryDescription",
        "meta": "@categoryDescription",
        "userDefined": false
      },
      {
        "text": "?",
        "userDefined": false
      }
    ],
    "isTemplate": false,
    "count": 0,
    "updated": 0
  },
  {
    "id": "3fe73c2f-0e6e-4d4e-8c1c-8e2e0d1b45c4",
    "data": [
      {
        "text": "What are the best ",
        "userDefined": false
      },
      {
        "text": "attractions",
        "alias": "categoryDescription",
        "meta": "@categoryDescription",
        "userDefined": false
      },
      {
        "text": " ?",
        "userDefined": false
      }
    ],
    "isTemplate": false,
    "count": 0,
    "updated": 0
  },
  {
    "id": "21326e9d-f875-410b-8cc0-d9ddf038e7d9",
    "data": [
      {
        "text": "I am looking for some ",
        "userDefined": false
      },
      {
        "text": "food",
        "alias": "categoryDescription",
        "meta": "@categoryDescription",
        "userDefined": false
      }
    ],
    "isTemplate": false,
    "count": 0,
    "updated": 0
  },
  {
    "id": "92be2d0e-d4ab-46fa-a118-aac92fed9110",
    "data": [
      {
        "text": "find food",
        "alias": "categoryDescription",
        "meta": "@categoryDescription",
        "userDefined": false
      }
    ],
    "isTemplate": false,
    "count": 0,
    "updated": 0
  },
  {
    "id": "325c448b-0d0c-4b20-9875-cfd8b341d1c8",
    "data": [
      {
        "text": "best ",
        "userDefined": false
      },
      {
        "text": "attractions",
        "alias": "categoryDescription",
        "meta": "@categoryDescription",
        "userDefined": false
      }
    ],
    "isTemplate": false,
    "count": 0,
    "updated": 0
  },
  {
    "id": "fb63a849-48b9-4179-9ee0-42a59c0ba775",
    "data": [
      {
        "text": "help me ",
        "userDefined": false
      },
      {
        "text": "explore",
        "alias": "categoryDescription",
        "meta": "@categoryDescription",
        "userDefined": false
      },
      {
        "text": " the city",
        "userDefined": false
      }
    ],
    "isTemplate": false,
    "count": 0,
    "updated": 0
  },
  {
    "id": "710f4124-fc71-43c2-8e6d-d6a7dd1b7c53",
    "data": [
      {
        "text": "venture out",
        "alias": "categoryDescription",
        "meta": "@categoryDescription",
        "userDefined": false
      }
    ],
    "isTemplate": false,
    "count": 0,
    "updated": 0
  },
  {
    "id": "afda6b73-3bc0-4c98-b399-87579433d564",
    "data": [
      {
        "text": "attraction",
        "alias": "categoryDescription",
        "meta": "@categoryDescription",
        "userDefined": false
      }
    ],
    "isTemplate": false,
    "count": 0,
    "updated": 0
  },
  {
    "id": "4d15e75c-34dc-441f-9d5c-8a8715b331b8",
    "data": [
      {
        "text": "food",
        "alias": "categoryDescription",
        "meta": "@categoryDescription",
        "userDefined": true
      }
    ],
    "isTemplate": false,
    "count": 0,
    "updated": 0
  },
  {
    "id": "386d6873-ca39-4017-9bda-2a67c1045fea",
    "data": [
      {
        "text": "Shopping",
        "alias": "categoryDescription",
        "meta": "@categoryDescription",
        "userDefined": false
      }
    ],
    "isTemplate": false,
    "count": 0,
    "updated": 0
  },
  {
    "id": "c67259b3-7808-4a08-b02f-6eb947e6ac70",
    "data": [
      {
        "text": "attractions",
        "alias": "categoryDescription",
        "meta": "@categoryDescription",
        "userDefined": false
      }
    ],
    "isTemplate": false,
    "count": 0,
    "updated": 0
  },
  {
    "id": "2acccd4c-1173-42f4-a5eb-08577078a1b8",
    "data": [
      {
        "text": "I want to ",
        "userDefined": false
      },
      {
        "text": "go somewhere",
        "alias": "categoryDescription",
        "meta": "@categoryDescription",
        "userDefined": false
      }
    ],
    "isTemplate": false,
    "count": 0,
    "updated": 0
  }
]