[
  {
    "id": "a1c6b95e-1d64-4c7c-9998-670f11345df3",
    "data": [
      {
        "text": "First time app use",
        "userDefined": false
      }
    ],
    "isTemplate": false,
    "count": 0,
    "updated": 0
  },
  {
    "id": "3b7ffa68-5ac3-409a-8c6d-4881992ebcc2",
    "data": [
      {
        "text": "knowmore",
        "userDefined": false
      }
    ],
    "isTemplate": false,
    "count": 0,
    "updated": 0
  },
  {
    "id": "73cedfee-3e53-478f-aaac-0740e28e3efd",
    "data": [
      {
        "text": "know more",
        "userDefined": false
      }
    ],
    "isTemplate": false,
    "count": 2,
    "updated": 0
  },
  {
    "id": "3f17cbea-a091-4db2-b34e-07d490efed8e",
    "data": [
      {
        "text": "I am new here",
        "userDefined": false
      }
    ],
    "isTemplate": false,
    "count": 0,
    "updated": 0
  },
  {
    "id": "427aa18e-b94a-43b1-ada1-926a1bccfbb8",
    "data": [
      {
        "text": "2nd one",
        "meta": "@sys.ignore",
        "userDefined": false
      }
    ],
    "isTemplate": false,
    "count": 1,
    "updated": 0
  }
]