[
  {
    "id": "61e89b45-490a-44cd-b073-890e8de0427b",
    "data": [
      {
        "text": "Show ",
        "userDefined": false
      },
      {
        "text": "other",
        "meta": "@sys.ignore",
        "userDefined": false
      },
      {
        "text": " similar places",
        "userDefined": false
      }
    ],
    "isTemplate": false,
    "count": 0,
    "updated": 0
  },
  {
    "id": "7bd4335b-e645-4a42-b3d3-fee7d80b9430",
    "data": [
      {
        "text": "Show Similar places",
        "userDefined": false
      }
    ],
    "isTemplate": false,
    "count": 0,
    "updated": 0
  },
  {
    "id": "7d56953b-365b-4490-8b09-33a542342d6a",
    "data": [
      {
        "text": "Please ",
        "userDefined": false
      },
      {
        "text": "show",
        "meta": "@sys.ignore",
        "userDefined": false
      },
      {
        "text": " some ",
        "userDefined": false
      },
      {
        "text": "other",
        "meta": "@sys.ignore",
        "userDefined": false
      },
      {
        "text": " places",
        "userDefined": false
      }
    ],
    "isTemplate": false,
    "count": 0,
    "updated": 0
  },
  {
    "id": "42ba3682-2464-4970-963f-7b33ac338165",
    "data": [
      {
        "text": "I am not interested in this selection",
        "userDefined": false
      }
    ],
    "isTemplate": false,
    "count": 0,
    "updated": 0
  },
  {
    "id": "0500f3d6-8dae-402a-b87c-4d60446bfaad",
    "data": [
      {
        "text": "Find other places",
        "userDefined": false
      }
    ],
    "isTemplate": false,
    "count": 0,
    "updated": 0
  },
  {
    "id": "80ce4b9e-b151-4b2c-ba4e-a5cc82b0e611",
    "data": [
      {
        "text": "Show",
        "meta": "@sys.ignore",
        "userDefined": false
      },
      {
        "text": " ",
        "userDefined": false
      },
      {
        "text": "other",
        "meta": "@sys.ignore",
        "userDefined": false
      },
      {
        "text": " places",
        "userDefined": false
      }
    ],
    "isTemplate": false,
    "count": 0,
    "updated": 0
  }
]