[
  {
    "id": "94801c20-1692-49bc-8b8c-e4ff13436cbf",
    "data": [
      {
        "text": "Till when will ",
        "userDefined": false
      },
      {
        "text": "Merlion",
        "alias": "locations",
        "meta": "@locations",
        "userDefined": false
      },
      {
        "text": " close?",
        "userDefined": false
      }
    ],
    "isTemplate": false,
    "count": 0,
    "updated": 0
  },
  {
    "id": "13eaa959-04ee-46ac-8ae3-00cbc00d9440",
    "data": [
      {
        "text": "Close time",
        "userDefined": false
      }
    ],
    "isTemplate": false,
    "count": 0,
    "updated": 0
  },
  {
    "id": "121251da-f75c-4091-a627-b284a66c58c7",
    "data": [
      {
        "text": "When does the ",
        "userDefined": false
      },
      {
        "text": "Merlion",
        "alias": "locations",
        "meta": "@locations",
        "userDefined": false
      },
      {
        "text": " Closes?",
        "userDefined": false
      }
    ],
    "isTemplate": false,
    "count": 0,
    "updated": 0
  },
  {
    "id": "0a0b0def-aab6-4f19-9e17-d244d6059746",
    "data": [
      {
        "text": "Closing time",
        "userDefined": false
      }
    ],
    "isTemplate": false,
    "count": 0,
    "updated": 0
  }
]