[
  {
    "id": "37cfada6-a766-4c04-8e57-f30cc4df4b21",
    "data": [
      {
        "text": "Open",
        "meta": "@sys.ignore",
        "userDefined": false
      }
    ],
    "isTemplate": false,
    "count": 0,
    "updated": 0
  },
  {
    "id": "99dba960-9691-46d3-8792-7112ab4463e7",
    "data": [
      {
        "text": "is it ",
        "userDefined": false
      },
      {
        "text": "open",
        "meta": "@sys.ignore",
        "userDefined": false
      }
    ],
    "isTemplate": false,
    "count": 0,
    "updated": 0
  },
  {
    "id": "7c58d041-b09e-4b3d-a615-4bb9745edc05",
    "data": [
      {
        "text": "Is ",
        "userDefined": false
      },
      {
        "text": "Open",
        "meta": "@sys.ignore",
        "userDefined": false
      }
    ],
    "isTemplate": false,
    "count": 0,
    "updated": 0
  },
  {
    "id": "c56d8a4b-a6e6-4cb1-ac5c-76b80e0a6dc2",
    "data": [
      {
        "text": "Can I visit it ",
        "userDefined": false
      },
      {
        "text": "today",
        "meta": "@sys.ignore",
        "userDefined": false
      },
      {
        "text": "?",
        "userDefined": false
      }
    ],
    "isTemplate": false,
    "count": 0,
    "updated": 0
  },
  {
    "id": "b75c9a92-19cd-4960-872c-f14f1236b8af",
    "data": [
      {
        "text": "Is it possible to visit ",
        "userDefined": false
      },
      {
        "text": "today",
        "meta": "@sys.ignore",
        "userDefined": false
      },
      {
        "text": "?",
        "userDefined": false
      }
    ],
    "isTemplate": false,
    "count": 0,
    "updated": 0
  },
  {
    "id": "b4317370-a8fc-4973-a1fd-5fa6368279f3",
    "data": [
      {
        "text": "In how much time does it closes?",
        "userDefined": false
      }
    ],
    "isTemplate": false,
    "count": 0,
    "updated": 0
  },
  {
    "id": "b5acf3bc-62b1-4cba-adf9-24beadf53b3f",
    "data": [
      {
        "text": "Can I visit it now?",
        "userDefined": false
      }
    ],
    "isTemplate": false,
    "count": 0,
    "updated": 0
  },
  {
    "id": "78d377d7-4d66-4629-9f0d-b2808f255281",
    "data": [
      {
        "text": "Is it ",
        "userDefined": false
      },
      {
        "text": "open",
        "meta": "@sys.ignore",
        "userDefined": false
      },
      {
        "text": " Now?",
        "userDefined": false
      }
    ],
    "isTemplate": false,
    "count": 0,
    "updated": 0
  }
]