[
  {
    "id": "26b6e679-a093-4888-8520-decdcc3c63e2",
    "data": [
      {
        "text": "Malls",
        "alias": "attraction_type",
        "meta": "@attraction_type",
        "userDefined": false
      }
    ],
    "isTemplate": false,
    "count": 0,
    "updated": 0
  },
  {
    "id": "53ea8f18-a496-4ce0-9dc7-b53598fa8502",
    "data": [
      {
        "text": "Cafe",
        "alias": "attraction_type",
        "meta": "@attraction_type",
        "userDefined": false
      }
    ],
    "isTemplate": false,
    "count": 0,
    "updated": 0
  },
  {
    "id": "440a7851-7d20-4908-983b-52ab00a85daa",
    "data": [
      {
        "text": "Clubs",
        "alias": "attraction_type",
        "meta": "@attraction_type",
        "userDefined": false
      }
    ],
    "isTemplate": false,
    "count": 0,
    "updated": 0
  },
  {
    "id": "be985661-6c77-4d19-9446-2cc00cd97ea3",
    "data": [
      {
        "text": "Bars",
        "alias": "attraction_type",
        "meta": "@attraction_type",
        "userDefined": false
      }
    ],
    "isTemplate": false,
    "count": 0,
    "updated": 0
  },
  {
    "id": "dac5f98e-30ae-4eec-8a52-93c45e6e3874",
    "data": [
      {
        "text": "Restuarants",
        "alias": "attraction_type",
        "meta": "@attraction_type",
        "userDefined": false
      }
    ],
    "isTemplate": false,
    "count": 1,
    "updated": 0
  },
  {
    "id": "95e47853-d7dd-4018-b9d4-8196ec06126e",
    "data": [
      {
        "text": "arts",
        "alias": "attraction_type",
        "meta": "@attraction_type",
        "userDefined": false
      }
    ],
    "isTemplate": false,
    "count": 0,
    "updated": 0
  },
  {
    "id": "c5510958-6b65-4152-ad57-142e21ab244e",
    "data": [
      {
        "text": "adventure",
        "alias": "attraction_type",
        "meta": "@attraction_type",
        "userDefined": false
      }
    ],
    "isTemplate": false,
    "count": 0,
    "updated": 0
  },
  {
    "id": "5eb95a39-b2e5-4e53-ad03-c8790c3e48ef",
    "data": [
      {
        "text": "I am looking for some ",
        "userDefined": false
      },
      {
        "text": "adventure",
        "alias": "attraction_type",
        "meta": "@attraction_type",
        "userDefined": false
      }
    ],
    "isTemplate": false,
    "count": 0,
    "updated": 0
  },
  {
    "id": "4d9370c3-85b7-4f5f-89da-f7d539cf0fe6",
    "data": [
      {
        "text": "I am looking for good ",
        "userDefined": false
      },
      {
        "text": "leisure",
        "alias": "attraction_type",
        "meta": "@attraction_type",
        "userDefined": false
      },
      {
        "text": " time",
        "userDefined": false
      }
    ],
    "isTemplate": false,
    "count": 0,
    "updated": 0
  },
  {
    "id": "ddb1a5ec-7398-4681-b312-53a21aed47e4",
    "data": [
      {
        "text": "I am interested in ",
        "userDefined": false
      },
      {
        "text": "Singapore Culture",
        "alias": "attraction_type",
        "meta": "@attraction_type",
        "userDefined": false
      }
    ],
    "isTemplate": false,
    "count": 0,
    "updated": 0
  },
  {
    "id": "6e9d1ecc-7483-488d-96c0-604e4c416439",
    "data": [
      {
        "text": "I am up for ",
        "userDefined": false
      },
      {
        "text": "thrill seeking",
        "alias": "attraction_type",
        "meta": "@attraction_type",
        "userDefined": false
      }
    ],
    "isTemplate": false,
    "count": 0,
    "updated": 0
  },
  {
    "id": "be2db11e-76ad-43c8-baaa-f34d82155dbf",
    "data": [
      {
        "text": "I want to ",
        "userDefined": false
      },
      {
        "text": "venture out",
        "meta": "@sys.ignore",
        "userDefined": false
      },
      {
        "text": " in ",
        "userDefined": false
      },
      {
        "text": "nature",
        "alias": "attraction_type",
        "meta": "@attraction_type",
        "userDefined": false
      }
    ],
    "isTemplate": false,
    "count": 0,
    "updated": 0
  },
  {
    "id": "85ee1e9e-d1df-4750-bfee-1613c054b562",
    "data": [
      {
        "text": "I want to see ",
        "userDefined": false
      },
      {
        "text": "ecosystem",
        "alias": "attraction_type",
        "meta": "@attraction_type",
        "userDefined": false
      },
      {
        "text": " ",
        "userDefined": false
      },
      {
        "text": "around",
        "meta": "@sys.ignore",
        "userDefined": false
      }
    ],
    "isTemplate": false,
    "count": 0,
    "updated": 0
  },
  {
    "id": "e3288d80-a4d5-44b6-a62b-bf11f19e04c8",
    "data": [
      {
        "text": "I want to go out for a ",
        "userDefined": false
      },
      {
        "text": "safari",
        "alias": "attraction_type",
        "meta": "@attraction_type",
        "userDefined": false
      }
    ],
    "isTemplate": false,
    "count": 0,
    "updated": 0
  }
]