[
  {
    "id": "196ed9a4-6d0b-4a3b-918d-4d7bf4a471c6",
    "data": [
      {
        "text": "One",
        "alias": "number",
        "meta": "@number",
        "userDefined": false
      }
    ],
    "isTemplate": false,
    "count": 0,
    "updated": 0
  },
  {
    "id": "de1fd279-3356-4fbf-840a-b0754e110084",
    "data": [
      {
        "text": "Ten",
        "alias": "number",
        "meta": "@number",
        "userDefined": false
      }
    ],
    "isTemplate": false,
    "count": 0,
    "updated": 0
  },
  {
    "id": "b9d96ef1-baf5-449e-b1e3-3707803a1c5c",
    "data": [
      {
        "text": "FIve",
        "alias": "number",
        "meta": "@number",
        "userDefined": false
      }
    ],
    "isTemplate": false,
    "count": 0,
    "updated": 0
  },
  {
    "id": "7c8600ac-179a-44cc-ab14-f7afd0e2ecb1",
    "data": [
      {
        "text": "Four",
        "alias": "number",
        "meta": "@number",
        "userDefined": false
      }
    ],
    "isTemplate": false,
    "count": 0,
    "updated": 0
  },
  {
    "id": "0f1bb4f8-7d03-4dd1-a3fd-685ef5d4b0cc",
    "data": [
      {
        "text": "two",
        "alias": "number",
        "meta": "@number",
        "userDefined": false
      }
    ],
    "isTemplate": false,
    "count": 0,
    "updated": 0
  },
  {
    "id": "12d4ae46-7f9b-4708-bc97-58406d2640c7",
    "data": [
      {
        "text": "three",
        "alias": "number",
        "meta": "@number",
        "userDefined": false
      }
    ],
    "isTemplate": false,
    "count": 1,
    "updated": 0
  },
  {
    "id": "247e63fe-a163-418a-b3ca-612a68da0da5",
    "data": [
      {
        "text": "1",
        "alias": "number",
        "meta": "@number",
        "userDefined": false
      }
    ],
    "isTemplate": false,
    "count": 0,
    "updated": 0
  },
  {
    "id": "e1c135ef-2ef1-4cae-bc14-6ccb4778cc2d",
    "data": [
      {
        "text": "0",
        "alias": "number",
        "meta": "@number",
        "userDefined": false
      }
    ],
    "isTemplate": false,
    "count": 0,
    "updated": 0
  },
  {
    "id": "4cb18129-f208-4722-8cb2-430d0c7d374e",
    "data": [
      {
        "text": "no",
        "alias": "number",
        "meta": "@number",
        "userDefined": false
      }
    ],
    "isTemplate": false,
    "count": 0,
    "updated": 0
  },
  {
    "id": "3fbf8163-8846-4f26-965a-94155224bc52",
    "data": [
      {
        "text": "none",
        "alias": "number",
        "meta": "@number",
        "userDefined": false
      }
    ],
    "isTemplate": false,
    "count": 0,
    "updated": 0
  },
  {
    "id": "9e2b090e-a889-45f4-9a1e-a1b5e9e5fff6",
    "data": [
      {
        "text": "our ",
        "userDefined": false
      },
      {
        "text": "only child",
        "alias": "number",
        "meta": "@number",
        "userDefined": false
      }
    ],
    "isTemplate": false,
    "count": 0,
    "updated": 0
  }
]