[
  {
    "id": "2e8f4b23-8906-45fe-8e65-76cef0419810",
    "data": [
      {
        "text": "Reviews",
        "userDefined": false
      }
    ],
    "isTemplate": false,
    "count": 0,
    "updated": 0
  },
  {
    "id": "3bde01e1-6984-4a5e-9562-7f42ef6d3a52",
    "data": [
      {
        "text": "What are some of the reviews?",
        "userDefined": false
      }
    ],
    "isTemplate": false,
    "count": 0,
    "updated": 0
  },
  {
    "id": "e75db5b8-a17b-424a-9d14-f96c78ff674b",
    "data": [
      {
        "text": "What do ",
        "userDefined": false
      },
      {
        "text": "other",
        "meta": "@sys.ignore",
        "userDefined": false
      },
      {
        "text": " travellers have to same about this location?",
        "userDefined": false
      }
    ],
    "isTemplate": false,
    "count": 0,
    "updated": 0
  }
]