[
  {
    "id": "8a4aabe4-9655-4fd3-8aed-a5b40db82d86",
    "data": [
      {
        "text": "Show",
        "meta": "@sys.ignore",
        "userDefined": false
      },
      {
        "text": " different place",
        "userDefined": false
      }
    ],
    "isTemplate": false,
    "count": 0,
    "updated": 0
  },
  {
    "id": "e6ab539a-58ea-4384-9eb7-dc3d642296b9",
    "data": [
      {
        "text": "other",
        "meta": "@sys.ignore",
        "userDefined": false
      },
      {
        "text": " location",
        "userDefined": false
      }
    ],
    "isTemplate": false,
    "count": 0,
    "updated": 0
  },
  {
    "id": "bc683915-fa0b-40ea-bb90-d40c0ba83261",
    "data": [
      {
        "text": "find ",
        "userDefined": false
      },
      {
        "text": "other",
        "meta": "@sys.ignore",
        "userDefined": false
      }
    ],
    "isTemplate": false,
    "count": 0,
    "updated": 0
  },
  {
    "id": "ae31b63e-99ca-4e73-8b13-c0e44f1dae0e",
    "data": [
      {
        "text": "Find ",
        "userDefined": false
      },
      {
        "text": "food",
        "meta": "@sys.ignore",
        "userDefined": false
      },
      {
        "text": " of ",
        "userDefined": false
      },
      {
        "text": "other",
        "meta": "@sys.ignore",
        "userDefined": false
      },
      {
        "text": " cuisine",
        "userDefined": false
      }
    ],
    "isTemplate": false,
    "count": 0,
    "updated": 0
  },
  {
    "id": "fb42cfb8-6b31-4197-8644-bbef3d26e6ec",
    "data": [
      {
        "text": "I am not interested in this cuisine",
        "userDefined": false
      }
    ],
    "isTemplate": false,
    "count": 0,
    "updated": 0
  },
  {
    "id": "2f48b394-a097-46bd-a402-d72438306894",
    "data": [
      {
        "text": "find different location",
        "userDefined": false
      }
    ],
    "isTemplate": false,
    "count": 0,
    "updated": 0
  },
  {
    "id": "c18bf895-89d7-43da-90f7-8b5b9a2a0c6e",
    "data": [
      {
        "text": "Can I find ",
        "userDefined": false
      },
      {
        "text": "other",
        "meta": "@sys.ignore",
        "userDefined": false
      },
      {
        "text": " locations?",
        "userDefined": false
      }
    ],
    "isTemplate": false,
    "count": 0,
    "updated": 0
  },
  {
    "id": "c1431e2c-08a5-445c-9ee9-4784ee58be70",
    "data": [
      {
        "text": "I do not find these locations interesting",
        "userDefined": false
      }
    ],
    "isTemplate": false,
    "count": 0,
    "updated": 0
  }
]