[
  {
    "id": "f8251bbc-230f-4c91-a755-5046b298cbe7",
    "data": [
      {
        "text": "total ",
        "userDefined": false
      },
      {
        "text": "Four",
        "alias": "number",
        "meta": "@number",
        "userDefined": false
      }
    ],
    "isTemplate": false,
    "count": 0,
    "updated": 0
  },
  {
    "id": "b1d15d95-88b3-4c10-8f64-7dc2e9340866",
    "data": [
      {
        "text": "total ",
        "userDefined": false
      },
      {
        "text": "2",
        "meta": "@sys.ignore",
        "userDefined": false
      }
    ],
    "isTemplate": false,
    "count": 0,
    "updated": 0
  },
  {
    "id": "209e2aab-b15f-4857-87b4-16b38639ae7f",
    "data": [
      {
        "text": "couple of us",
        "alias": "number",
        "meta": "@number",
        "userDefined": true
      }
    ],
    "isTemplate": false,
    "count": 0,
    "updated": 0
  },
  {
    "id": "b4ef810f-4e54-4208-98c5-75a252299abf",
    "data": [
      {
        "text": "couple",
        "alias": "number",
        "meta": "@number",
        "userDefined": false
      }
    ],
    "isTemplate": false,
    "count": 0,
    "updated": 0
  },
  {
    "id": "68e12630-414e-4975-9787-36ee4a0a986e",
    "data": [
      {
        "text": "Two",
        "alias": "number",
        "meta": "@number",
        "userDefined": false
      }
    ],
    "isTemplate": false,
    "count": 0,
    "updated": 0
  },
  {
    "id": "cfd00d47-2b97-4e91-8f6f-b4479dfe29a3",
    "data": [
      {
        "text": "one",
        "alias": "number",
        "meta": "@number",
        "userDefined": false
      }
    ],
    "isTemplate": false,
    "count": 1,
    "updated": 0
  },
  {
    "id": "fc40ee29-9d68-44b7-a991-ba2da57797af",
    "data": [
      {
        "text": "We are a ",
        "userDefined": false
      },
      {
        "text": "family",
        "meta": "@sys.ignore",
        "userDefined": false
      },
      {
        "text": " for ",
        "userDefined": false
      },
      {
        "text": "4",
        "alias": "number",
        "meta": "@number",
        "userDefined": true
      }
    ],
    "isTemplate": false,
    "count": 0,
    "updated": 0
  },
  {
    "id": "e6b1eab6-71ed-491c-82f7-473899a843ab",
    "data": [
      {
        "text": "2",
        "alias": "number",
        "meta": "@number",
        "userDefined": true
      },
      {
        "text": " more people with me",
        "userDefined": false
      }
    ],
    "isTemplate": false,
    "count": 0,
    "updated": 0
  },
  {
    "id": "3237c5db-335b-4e53-a5ec-bb689cb71d09",
    "data": [
      {
        "text": "1",
        "alias": "number",
        "meta": "@number",
        "userDefined": false
      },
      {
        "text": " adult",
        "userDefined": false
      }
    ],
    "isTemplate": false,
    "count": 0,
    "updated": 0
  },
  {
    "id": "f2de1bb9-2d49-4791-93da-82ad2e1b3f35",
    "data": [
      {
        "text": "only",
        "alias": "number",
        "meta": "@number",
        "userDefined": false
      },
      {
        "text": " me",
        "userDefined": false
      }
    ],
    "isTemplate": false,
    "count": 0,
    "updated": 0
  }
]