[
  {
    "id": "19b2f762-09e8-443a-897b-05ed87a4a7c9",
    "data": [
      {
        "text": "food",
        "meta": "@sys.ignore",
        "userDefined": false
      },
      {
        "text": " variety",
        "userDefined": false
      }
    ],
    "isTemplate": false,
    "count": 0,
    "updated": 0
  },
  {
    "id": "8326d6e2-1979-410d-9ccb-dd95ce9c37ef",
    "data": [
      {
        "text": "different ",
        "userDefined": false
      },
      {
        "text": "food",
        "meta": "@sys.ignore",
        "userDefined": false
      }
    ],
    "isTemplate": false,
    "count": 0,
    "updated": 0
  },
  {
    "id": "e801f6e5-f9f0-4e43-ab5e-254255123aac",
    "data": [
      {
        "text": "Different cusines",
        "userDefined": false
      }
    ],
    "isTemplate": false,
    "count": 0,
    "updated": 0
  },
  {
    "id": "2e7fb405-11f3-49d1-94ff-a0e8a75083bd",
    "data": [
      {
        "text": "what variety of ",
        "userDefined": false
      },
      {
        "text": "food",
        "meta": "@sys.ignore",
        "userDefined": false
      },
      {
        "text": " do i ",
        "userDefined": false
      },
      {
        "text": "get",
        "meta": "@sys.ignore",
        "userDefined": false
      },
      {
        "text": " here?",
        "userDefined": false
      }
    ],
    "isTemplate": false,
    "count": 0,
    "updated": 0
  },
  {
    "id": "a1351b36-b3f9-4705-ae12-8ca8b88c5974",
    "data": [
      {
        "text": "What different cusines are served here",
        "userDefined": false
      }
    ],
    "isTemplate": false,
    "count": 0,
    "updated": 0
  },
  {
    "id": "a84f4f15-e771-4ae9-947d-cc20774907de",
    "data": [
      {
        "text": "cusine",
        "userDefined": false
      }
    ],
    "isTemplate": false,
    "count": 0,
    "updated": 0
  }
]