[
  {
    "id": "e6336a12-ca83-4e75-a40a-5bfcef92f0ae",
    "data": [
      {
        "text": "Tell me about ",
        "userDefined": false
      },
      {
        "text": "Merlion",
        "alias": "locations",
        "meta": "@locations",
        "userDefined": false
      }
    ],
    "isTemplate": false,
    "count": 0,
    "updated": 0
  },
  {
    "id": "7831047f-317e-42d6-adae-c28bb41f8b39",
    "data": [
      {
        "text": "Know",
        "meta": "@sys.ignore",
        "userDefined": false
      },
      {
        "text": " more about ",
        "userDefined": false
      },
      {
        "text": "Merlion",
        "alias": "locations",
        "meta": "@locations",
        "userDefined": false
      }
    ],
    "isTemplate": false,
    "count": 0,
    "updated": 0
  },
  {
    "id": "ffd9a66d-44f7-4ab9-947e-293f0e63930e",
    "data": [
      {
        "text": "Central Catchment Nature Reserve and MacRitchie Reservoir Park",
        "alias": "locations",
        "meta": "@locations",
        "userDefined": false
      }
    ],
    "isTemplate": false,
    "count": 0,
    "updated": 0
  },
  {
    "id": "0a488795-de40-4f0c-aba0-c44129ca8ee5",
    "data": [
      {
        "text": "Resorts World Sentosa",
        "alias": "locations",
        "meta": "@locations",
        "userDefined": false
      }
    ],
    "isTemplate": false,
    "count": 0,
    "updated": 0
  },
  {
    "id": "f7f95a0b-a236-4f7e-af2f-65476c5d4a02",
    "data": [
      {
        "text": "NERF Action Xperience",
        "alias": "locations",
        "meta": "@locations",
        "userDefined": false
      }
    ],
    "isTemplate": false,
    "count": 0,
    "updated": 0
  },
  {
    "id": "bf8f4187-95c1-481a-ab26-90c0487acf4a",
    "data": [
      {
        "text": "MINT Museum of Toys",
        "alias": "locations",
        "meta": "@locations",
        "userDefined": false
      }
    ],
    "isTemplate": false,
    "count": 0,
    "updated": 0
  },
  {
    "id": "6df022ba-5c65-457e-8ac8-715206b48b11",
    "data": [
      {
        "text": "Singapore Philatelic Museum",
        "alias": "locations",
        "meta": "@locations",
        "userDefined": false
      }
    ],
    "isTemplate": false,
    "count": 0,
    "updated": 0
  },
  {
    "id": "ce4154df-88e0-4070-8fbe-b04bc3f26e97",
    "data": [
      {
        "text": "Merlion",
        "alias": "locations",
        "meta": "@locations",
        "userDefined": false
      }
    ],
    "isTemplate": false,
    "count": 0,
    "updated": 0
  },
  {
    "id": "0f1a4adb-50cf-4a50-a447-1bad0cd4f2ca",
    "data": [
      {
        "text": "Botanic Gardens",
        "alias": "locations",
        "meta": "@locations",
        "userDefined": true
      }
    ],
    "isTemplate": false,
    "count": 0,
    "updated": 0
  },
  {
    "id": "d4ed851c-a59b-4045-82dc-88f5f39481cc",
    "data": [
      {
        "text": "Jurong Bird Park",
        "alias": "locations",
        "meta": "@locations",
        "userDefined": false
      }
    ],
    "isTemplate": false,
    "count": 0,
    "updated": 0
  }
]