[
  {
    "id": "57cc893b-58c5-47de-96fc-9c00d8a29be7",
    "data": [
      {
        "text": "I want to go out for a ",
        "userDefined": false
      },
      {
        "text": "safari",
        "alias": "attraction_type",
        "meta": "@attraction_type",
        "userDefined": false
      }
    ],
    "isTemplate": false,
    "count": 0,
    "updated": 0
  },
  {
    "id": "819c2308-13b2-43fb-ac5c-44cc41838bba",
    "data": [
      {
        "text": "I want to ",
        "userDefined": false
      },
      {
        "text": "see",
        "meta": "@sys.ignore",
        "userDefined": false
      },
      {
        "text": " ",
        "userDefined": false
      },
      {
        "text": "ecosystem",
        "alias": "attraction_type",
        "meta": "@attraction_type",
        "userDefined": false
      },
      {
        "text": " ",
        "userDefined": false
      },
      {
        "text": "around",
        "meta": "@sys.ignore",
        "userDefined": false
      }
    ],
    "isTemplate": false,
    "count": 0,
    "updated": 0
  },
  {
    "id": "154c6b7a-82a1-40c4-b000-36f8173d33ee",
    "data": [
      {
        "text": "I wan to ",
        "userDefined": false
      },
      {
        "text": "venture out",
        "meta": "@sys.ignore",
        "userDefined": false
      },
      {
        "text": " in ",
        "userDefined": false
      },
      {
        "text": "nature",
        "alias": "attraction_type",
        "meta": "@attraction_type",
        "userDefined": false
      }
    ],
    "isTemplate": false,
    "count": 0,
    "updated": 0
  },
  {
    "id": "ab93b05b-a56f-4d9b-8d05-08a5534584e9",
    "data": [
      {
        "text": "I am up for ",
        "userDefined": false
      },
      {
        "text": "thrill seeking",
        "alias": "attraction_type",
        "meta": "@attraction_type",
        "userDefined": false
      }
    ],
    "isTemplate": false,
    "count": 0,
    "updated": 0
  },
  {
    "id": "5d483c71-62f3-407f-a253-eaac69e3f806",
    "data": [
      {
        "text": "I am interested in ",
        "userDefined": false
      },
      {
        "text": "Singapore Culture",
        "alias": "attraction_type",
        "meta": "@attraction_type",
        "userDefined": false
      }
    ],
    "isTemplate": false,
    "count": 0,
    "updated": 0
  },
  {
    "id": "d456bcfa-41fb-462a-a73e-04f63dbd95a3",
    "data": [
      {
        "text": "I am looking for good ",
        "userDefined": false
      },
      {
        "text": "leisure",
        "alias": "attraction_type",
        "meta": "@attraction_type",
        "userDefined": false
      },
      {
        "text": " time",
        "userDefined": false
      }
    ],
    "isTemplate": false,
    "count": 0,
    "updated": 0
  },
  {
    "id": "baa287c5-6a13-42af-bb2f-9f2646b3d9bc",
    "data": [
      {
        "text": "I am looking for some ",
        "userDefined": false
      },
      {
        "text": "adventure",
        "alias": "attraction_type",
        "meta": "@attraction_type",
        "userDefined": false
      }
    ],
    "isTemplate": false,
    "count": 0,
    "updated": 0
  },
  {
    "id": "f5809093-2550-4e62-9752-8cceb11a1f17",
    "data": [
      {
        "text": "adventure",
        "alias": "attraction_type",
        "meta": "@attraction_type",
        "userDefined": false
      }
    ],
    "isTemplate": false,
    "count": 0,
    "updated": 0
  },
  {
    "id": "60559407-23a2-4e64-9139-cb546110b74c",
    "data": [
      {
        "text": "arts",
        "alias": "attraction_type",
        "meta": "@attraction_type",
        "userDefined": false
      }
    ],
    "isTemplate": false,
    "count": 0,
    "updated": 0
  }
]