[
  {
    "id": "7df975bd-781b-49fb-a8a9-4c187de858b8",
    "data": [
      {
        "text": "When does ",
        "userDefined": false
      },
      {
        "text": "Merlion",
        "alias": "locations",
        "meta": "@locations",
        "userDefined": false
      },
      {
        "text": " ",
        "userDefined": false
      },
      {
        "text": "gets",
        "meta": "@sys.ignore",
        "userDefined": false
      },
      {
        "text": " ",
        "userDefined": false
      },
      {
        "text": "open",
        "meta": "@sys.ignore",
        "userDefined": false
      },
      {
        "text": "?",
        "userDefined": false
      }
    ],
    "isTemplate": false,
    "count": 0,
    "updated": 0
  },
  {
    "id": "5981f634-84f9-43cd-b3e9-78a96a744a09",
    "data": [
      {
        "text": "Open",
        "meta": "@sys.ignore",
        "userDefined": false
      },
      {
        "text": " time",
        "userDefined": false
      }
    ],
    "isTemplate": false,
    "count": 0,
    "updated": 0
  },
  {
    "id": "c765bd0c-fd3d-4f27-bc26-a6de52334d22",
    "data": [
      {
        "text": "Opening time",
        "userDefined": false
      }
    ],
    "isTemplate": false,
    "count": 0,
    "updated": 0
  }
]