[
  {
    "id": "6538fd2c-afde-4c95-8b5a-65f5df78a0f9",
    "data": [
      {
        "text": "Nearest MRT",
        "userDefined": false
      }
    ],
    "isTemplate": false,
    "count": 0,
    "updated": 0
  },
  {
    "id": "9e0ba357-fbab-4023-8d99-c0d36b4495fd",
    "data": [
      {
        "text": "What is the nearest means of ",
        "userDefined": false
      },
      {
        "text": "public",
        "meta": "@sys.ignore",
        "userDefined": false
      },
      {
        "text": " transport there?",
        "userDefined": false
      }
    ],
    "isTemplate": false,
    "count": 0,
    "updated": 0
  },
  {
    "id": "8d4ff134-b592-4f89-8e39-93aadcd84d8f",
    "data": [
      {
        "text": "How can I ",
        "userDefined": false
      },
      {
        "text": "get",
        "meta": "@sys.ignore",
        "userDefined": false
      },
      {
        "text": " there?",
        "userDefined": false
      }
    ],
    "isTemplate": false,
    "count": 0,
    "updated": 0
  },
  {
    "id": "d4a7c0e6-bc15-4bba-8881-61a1f2796d0f",
    "data": [
      {
        "text": "Find me the nearest MRT",
        "userDefined": false
      }
    ],
    "isTemplate": false,
    "count": 0,
    "updated": 0
  }
]