[
  {
    "id": "91a353fc-0d10-463c-9a33-022946ab8369",
    "data": [
      {
        "text": "Interesting facts",
        "userDefined": false
      }
    ],
    "isTemplate": false,
    "count": 0,
    "updated": 0
  },
  {
    "id": "ed9661df-5329-4d42-ba51-a7c3ec59bb20",
    "data": [
      {
        "text": "What are some of the interesting facts about this location?",
        "userDefined": false
      }
    ],
    "isTemplate": false,
    "count": 0,
    "updated": 0
  },
  {
    "id": "1ec2e0f9-d8b8-424a-b114-946e46b10689",
    "data": [
      {
        "text": "I want to ",
        "userDefined": false
      },
      {
        "text": "know",
        "meta": "@sys.ignore",
        "userDefined": false
      },
      {
        "text": " more about this location",
        "userDefined": false
      }
    ],
    "isTemplate": false,
    "count": 0,
    "updated": 0
  },
  {
    "id": "cd3f1bf6-0138-42f1-9e34-d468f2b80549",
    "data": [
      {
        "text": "Get",
        "meta": "@sys.ignore",
        "userDefined": false
      },
      {
        "text": " More Info",
        "userDefined": false
      }
    ],
    "isTemplate": false,
    "count": 0,
    "updated": 0
  }
]