[
  {
    "id": "204a0ad7-28a0-4bc7-8bd5-abb51b1c8394",
    "data": [
      {
        "text": "How to get there",
        "userDefined": false
      }
    ],
    "isTemplate": false,
    "count": 0,
    "updated": 0
  },
  {
    "id": "0d068616-e64b-44ed-a8bc-c8f26e8f476b",
    "data": [
      {
        "text": "What is the address?",
        "userDefined": false
      }
    ],
    "isTemplate": false,
    "count": 0,
    "updated": 0
  },
  {
    "id": "0e9045cf-8fc7-418f-a8e0-b2e173ff782c",
    "data": [
      {
        "text": "visit ",
        "userDefined": false
      },
      {
        "text": "actual",
        "meta": "@sys.ignore",
        "userDefined": false
      },
      {
        "text": " site",
        "userDefined": false
      }
    ],
    "isTemplate": false,
    "count": 0,
    "updated": 0
  },
  {
    "id": "cc31e985-0ff4-45c6-bfe8-1c1595b0ab63",
    "data": [
      {
        "text": "visit site",
        "userDefined": false
      }
    ],
    "isTemplate": false,
    "count": 0,
    "updated": 0
  },
  {
    "id": "53a31d25-f333-438e-b0d7-0901dd72bdd1",
    "data": [
      {
        "text": "I need some relevant information about it",
        "userDefined": false
      }
    ],
    "isTemplate": false,
    "count": 0,
    "updated": 0
  },
  {
    "id": "85e2e1de-375d-46fa-89ae-d20e493d110c",
    "data": [
      {
        "text": "Get",
        "meta": "@sys.ignore",
        "userDefined": false
      },
      {
        "text": " me more details",
        "userDefined": false
      }
    ],
    "isTemplate": false,
    "count": 0,
    "updated": 0
  },
  {
    "id": "299342a9-7df5-4927-9053-ac2ff45e9fc1",
    "data": [
      {
        "text": "I need to find more details on it",
        "userDefined": false
      }
    ],
    "isTemplate": false,
    "count": 0,
    "updated": 0
  },
  {
    "id": "95105223-3ec6-4acc-8266-df78c39e9851",
    "data": [
      {
        "text": "Can I ",
        "userDefined": false
      },
      {
        "text": "get",
        "meta": "@sys.ignore",
        "userDefined": false
      },
      {
        "text": " more information further",
        "userDefined": false
      }
    ],
    "isTemplate": false,
    "count": 0,
    "updated": 0
  },
  {
    "id": "4d48faf0-925f-42fc-b6d2-cffd33dbb80a",
    "data": [
      {
        "text": "Any link I can look into",
        "userDefined": false
      }
    ],
    "isTemplate": false,
    "count": 0,
    "updated": 0
  }
]