[
  {
    "id": "16e10307-9f2a-4560-b2ce-75e02d6b7b02",
    "data": [
      {
        "text": "we have spoken before",
        "userDefined": false
      }
    ],
    "isTemplate": false,
    "count": 0,
    "updated": 0
  },
  {
    "id": "e1961597-1600-4ab6-b5cc-42ddf34b4fe4",
    "data": [
      {
        "text": "I have talked to you before",
        "userDefined": false
      }
    ],
    "isTemplate": false,
    "count": 0,
    "updated": 0
  },
  {
    "id": "eb4a82a8-3e31-4753-aad6-7b2242f4c1e0",
    "data": [
      {
        "text": "I am returning customer",
        "userDefined": false
      }
    ],
    "isTemplate": false,
    "count": 0,
    "updated": 0
  },
  {
    "id": "9ba40dd9-6e23-4289-be48-ae499e4d2f35",
    "data": [
      {
        "text": "met Before",
        "userDefined": false
      }
    ],
    "isTemplate": false,
    "count": 0,
    "updated": 0
  },
  {
    "id": "99ebc1b7-b86d-413f-bfc4-78148df0b551",
    "data": [
      {
        "text": "metBefore",
        "userDefined": false
      }
    ],
    "isTemplate": false,
    "count": 0,
    "updated": 0
  }
]