[
  {
    "id": "4be4e17a-1702-4169-bebf-567f318b463d",
    "data": [
      {
        "text": "show me places ",
        "userDefined": false
      },
      {
        "text": "near me",
        "meta": "@sys.ignore",
        "userDefined": false
      }
    ],
    "isTemplate": false,
    "count": 0,
    "updated": 0
  },
  {
    "id": "354975c4-2d19-48cb-9161-467570b8d6b8",
    "data": [
      {
        "text": "I am looking for ",
        "userDefined": false
      },
      {
        "text": "local",
        "meta": "@sys.ignore",
        "userDefined": false
      },
      {
        "text": " sightseeing",
        "userDefined": false
      }
    ],
    "isTemplate": false,
    "count": 0,
    "updated": 0
  },
  {
    "id": "01b70d86-5740-47b8-bcf1-7e4bffa9c273",
    "data": [
      {
        "text": "I need to do something close to me",
        "userDefined": false
      }
    ],
    "isTemplate": false,
    "count": 0,
    "updated": 0
  },
  {
    "id": "bd905223-cc4c-4027-8cdd-664c21e86937",
    "data": [
      {
        "text": "Can you find places close by",
        "userDefined": false
      }
    ],
    "isTemplate": false,
    "count": 0,
    "updated": 0
  },
  {
    "id": "4e363c4e-7474-4a7d-ab6d-18433945c824",
    "data": [
      {
        "text": "near me",
        "userDefined": false
      }
    ],
    "isTemplate": false,
    "count": 0,
    "updated": 0
  },
  {
    "id": "cf30350c-8008-4c94-8f83-7b01d9f8761f",
    "data": [
      {
        "text": "Find Places Near Me",
        "userDefined": false
      }
    ],
    "isTemplate": false,
    "count": 0,
    "updated": 0
  }
]