[
  {
    "id": "d29715cf-c9f9-401a-855d-54895f6c4a15",
    "data": [
      {
        "text": "vegetarian",
        "alias": "cusine",
        "meta": "@cusine",
        "userDefined": false
      }
    ],
    "isTemplate": false,
    "count": 0,
    "updated": 0
  },
  {
    "id": "89cc0f7b-e70e-44b8-b6f2-988e619c45d7",
    "data": [
      {
        "text": "indian",
        "alias": "cusine",
        "meta": "@cusine",
        "userDefined": false
      }
    ],
    "isTemplate": false,
    "count": 0,
    "updated": 0
  },
  {
    "id": "57309f8a-84ee-4a73-adac-17c6917ab974",
    "data": [
      {
        "text": "japanese",
        "alias": "cusine",
        "meta": "@cusine",
        "userDefined": false
      }
    ],
    "isTemplate": false,
    "count": 0,
    "updated": 0
  },
  {
    "id": "2162c643-30ec-43b1-89e6-44ec0e2a89ff",
    "data": [
      {
        "text": "Asian",
        "alias": "cusine",
        "meta": "@cusine",
        "userDefined": false
      }
    ],
    "isTemplate": false,
    "count": 0,
    "updated": 0
  },
  {
    "id": "a68dbb48-0775-4759-991c-0338b8614d24",
    "data": [
      {
        "text": "Cantonese",
        "alias": "cusine",
        "meta": "@cusine",
        "userDefined": false
      }
    ],
    "isTemplate": false,
    "count": 0,
    "updated": 0
  },
  {
    "id": "d49e22a9-7f92-484d-8f1b-42608f190f77",
    "data": [
      {
        "text": "I am looking for ",
        "userDefined": false
      },
      {
        "text": "western",
        "alias": "cusine",
        "meta": "@cusine",
        "userDefined": false
      },
      {
        "text": " ",
        "userDefined": false
      },
      {
        "text": "restaurants",
        "meta": "@sys.ignore",
        "userDefined": false
      }
    ],
    "isTemplate": false,
    "count": 0,
    "updated": 0
  },
  {
    "id": "e9c080ce-76ab-4cfc-afb8-f7f6001c5f46",
    "data": [
      {
        "text": "I am looking for some good ",
        "userDefined": false
      },
      {
        "text": "sushi",
        "alias": "cusine",
        "meta": "@cusine",
        "userDefined": false
      },
      {
        "text": " ",
        "userDefined": false
      },
      {
        "text": "restaurants",
        "meta": "@sys.ignore",
        "userDefined": false
      }
    ],
    "isTemplate": false,
    "count": 0,
    "updated": 0
  },
  {
    "id": "e4b26696-2fd9-41b2-914d-2c0c9229167e",
    "data": [
      {
        "text": "I want to ",
        "userDefined": false
      },
      {
        "text": "have",
        "meta": "@sys.ignore",
        "userDefined": false
      },
      {
        "text": " ",
        "userDefined": false
      },
      {
        "text": "fries",
        "alias": "cusine",
        "meta": "@cusine",
        "userDefined": false
      }
    ],
    "isTemplate": false,
    "count": 0,
    "updated": 0
  },
  {
    "id": "201d641f-2c97-469c-8fea-a8f6473445a9",
    "data": [
      {
        "text": "Where can I find good ",
        "userDefined": false
      },
      {
        "text": "indian food",
        "alias": "cusine",
        "meta": "@cusine",
        "userDefined": true
      },
      {
        "text": " around?",
        "userDefined": false
      }
    ],
    "isTemplate": false,
    "count": 0,
    "updated": 0
  },
  {
    "id": "f286a41d-768e-4733-bc47-4d890264ad02",
    "data": [
      {
        "text": "I am looking for some good ",
        "userDefined": false
      },
      {
        "text": "local food",
        "alias": "cusine",
        "meta": "@cusine",
        "userDefined": false
      },
      {
        "text": " around",
        "userDefined": false
      }
    ],
    "isTemplate": false,
    "count": 0,
    "updated": 0
  },
  {
    "id": "7cd331e6-74b7-48cd-87cc-831378764a14",
    "data": [
      {
        "text": "local food",
        "alias": "cusine",
        "meta": "@cusine",
        "userDefined": false
      }
    ],
    "isTemplate": false,
    "count": 0,
    "updated": 0
  }
]